{
    "application": {
        "id": "",
        "title": "com.placementApplication.placementApplication",
        "description": "User SignUp",
        "type": "SAP_UI5_Component",
        "componentUrl": "/",
        "appUrl": "#placementApplication-Display",
        "navigationComponentName": "com.placementApplication",
        "intentSemanticObject": "placementApplication",
        "intentAction": "Display",
        "html5ApplicationName": "placementapplication",
        "HCPParentApplicationName": ""
    },
    "assignment": {
        "groups": [
            "851f3d90-1504-44ab-8cf7-acdc7918304f"
        ],
        "contentPackages": [
            "cff05eb8-c19a-4ffa-a66b-c432cfbf3a30"
        ],
        "categories": []
    },
    "tile": {
        "type": "StaticTile",
        "title": "User SignUp",
        "subtitle": "",
        "searchKeywords": "User SignUp,",
        "displayIconUrl": "sap-icon://approvals",
        "displayInfoText": "",
        "size": "1x1",
        "serviceURL": "",
        "refreshInterval": ""
    }
}